Year,Price Index
1947,5.23
1948,5.06
1949,5.97
1950,6.08
1951,6.76
1952,6.76
1953,6.76
1954,6.70
1955,6.36
1956,6.65
1957,6.70
1958,6.53
1959,7.22
1960,6.93
1961,6.99
1962,6.70
1963,6.93
1964,7.10
1965,7.10
1966,7.44
1967,7.90
1968,8.10
1969,8.31
1970,8.95
1971,9.38
1972,10.09
1973,11.65
1974,13.35
1975,13.92
1976,14.18
1977,15.07
1978,15.58
1979,17.50
1980,20.18
1981,23.50
1982,26.30
1983,28.70
1984,31.50
1985,32.50
1986,33.70
1987,35.70
1988,38.20
1989,42.30
1990,46.50
1991,51.80
1992,56.80
1993,61.80
1994,67.00
1995,73.30
1996,77.90
1997,82.30
1998,85.60
1999,82.00
2000,78.30
2001,77.40
2002,74.90
2003,72.50
2004,72.40
2005,73.20
2006,74.80
2007,75.80
2008,80.40
2009,79.70
2010,82.10
2011,86.70
2012,89.90
2013,93.60
2014,96.90
2015,99.80
2016,102.30
2017,104.30
2018,106.80
2019,110.20
2020,111.00
