source_file,old_filename,new_filename,neutral_citation
HKCFI_1969_66.html.txt,1969_HKCFI_66_HCA_447_1968.json,1969_HKCFI_66.json,[1969] HKCFI 66
HKCA_1973_145.html.txt,1973_HKCA_145_CACV_6_1973.json,1973_HKCA_145.json,[1973] HKCA 145
HKCFI_1975_14.html.txt,1975_HKCFI_14_HCA_1269_1974.json,1975_HKCFI_14.json,[1975] HKCFI 14
HKCFI_1975_17.html.txt,1975_HKCFI_17_HCA_1489_1973.json,1975_HKCFI_17.json,[1975] HKCFI 17
HKCFI_1975_5.html.txt,1975_HKCFI_5_HCA_819_1974_29_October_1975.json,1975_HKCFI_5.json,[1975] HKCFI 5
HKCFI_1976_63.html.txt,1976_HKCFI_63_HCA_960_1974.json,1976_HKCFI_63.json,[1976] HKCFI 63
HKCFI_1976_97.html.txt,1976_HKCFI_97_HCA_701_1976.json,1976_HKCFI_97.json,[1976] HKCFI 97
HKCFI_1977_122.html.txt,1977_HKCFI_122_HCA_1594_1977.json,1977_HKCFI_122.json,[1977] HKCFI 122
HKCFI_1977_133.html.txt,1977_HKCFI_133_HCA_3088_1975.json,1977_HKCFI_133.json,[1977] HKCFI 133
HKCFI_1977_41.html.txt,1977_HKCFI_41_HCA_1829_1975_25_August_1977.json,1977_HKCFI_41.json,[1977] HKCFI 41
HKCFI_1978_10.html.txt,1978_HKCFI_10_HCA_433_1976_7_June_1978.json,1978_HKCFI_10.json,[1978] HKCFI 10
HKCFI_1978_117.html.txt,1978_HKCFI_117_HCA_1440_1978_13_October_1978.json,1978_HKCFI_117.json,[1978] HKCFI 117
HKCFI_1978_16.html.txt,1978_HKCFI_16_HCA_937_1978.json,1978_HKCFI_16.json,[1978] HKCFI 16
HKCFI_1978_54.html.txt,1978_HKCFI_54_HCA_2887_1977.json,1978_HKCFI_54.json,[1978] HKCFI 54
HKCFI_1978_64.html.txt,1978_HKCFI_64_HCA_3707_1977.json,1978_HKCFI_64.json,[1978] HKCFI 64
HKCFI_1978_93.html.txt,1978_HKCFI_93_HCA_2500_1977.json,1978_HKCFI_93.json,[1978] HKCFI 93
HKCFI_1979_106.html.txt,1979_HKCFI_106_HCA_3267_1978.json,1979_HKCFI_106.json,[1979] HKCFI 106
HKCFI_1979_128.html.txt,1979_HKCFI_128_HCA_3358_1978_11_August_1979.json,1979_HKCFI_128.json,[1979] HKCFI 128
HKCFI_1979_31.html.txt,1979_HKCFI_31_HCA_1681_1978.json,1979_HKCFI_31.json,[1979] HKCFI 31
HKCFI_1979_51.html.txt,1979_HKCFI_51_HCA_3489_1978_26_June_1979.json,1979_HKCFI_51.json,[1979] HKCFI 51
HKCFI_1979_54.html.txt,1979_HKCFI_54_HCA_3634_1978_17_October_1979.json,1979_HKCFI_54.json,[1979] HKCFI 54
HKCFI_1979_58.html.txt,1979_HKCFI_58_HCA_4009_1978_2_October_1979.json,1979_HKCFI_58.json,[1979] HKCFI 58
HKDC_1979_6.html.txt,1979_HKDC_6_DCCJ_3117_1978.json,1979_HKDC_6.json,[1979] HKDC 6
HKCFI_1980_108.html.txt,1980_HKCFI_108_HCA_1257_1980.json,1980_HKCFI_108.json,[1980] HKCFI 108
HKCFI_1980_137.html.txt,1980_HKCFI_137_HCA_2844_1980.json,1980_HKCFI_137.json,[1980] HKCFI 137
HKCFI_1980_139.html.txt,1980_HKCFI_139_HCA_3007_1979.json,1980_HKCFI_139.json,[1980] HKCFI 139
HKCFI_1980_20.html.txt,1980_HKCFI_20_HCA_4633_1979_6_November_1980.json,1980_HKCFI_20.json,[1980] HKCFI 20
HKCFI_1980_21.html.txt,1980_HKCFI_21_HCA_4716_1979.json,1980_HKCFI_21.json,[1980] HKCFI 21
HKCFI_1980_5.html.txt,1980_HKCFI_5_HCA_3256_1978.json,1980_HKCFI_5.json,[1980] HKCFI 5
HKCFI_1980_72.html.txt,1980_HKCFI_72_HCA_885_1980_27_October_1980.json,1980_HKCFI_72.json,[1980] HKCFI 72
HKCFI_1980_73.html.txt,1980_HKCFI_73_HCA_898_1978_22_December_1980.json,1980_HKCFI_73.json,[1980] HKCFI 73
HKCFI_1980_86.html.txt,1980_HKCFI_86_HCA_1732_1978.json,1980_HKCFI_86.json,[1980] HKCFI 86
HKCFI_1980_94.html.txt,1980_HKCFI_94_HCA_2528_1978.json,1980_HKCFI_94.json,[1980] HKCFI 94
HKCFI_1981_3.html.txt,1981_HKCFI_3_HCA_4529_1979.json,1981_HKCFI_3.json,[1981] HKCFI 3
HKCFI_1982_158.html.txt,1982_HKCFI_158_HCA_5018_1981_7_May_1982.json,1982_HKCFI_158.json,[1982] HKCFI 158
HKCFI_1982_160.html.txt,1982_HKCFI_160_HCA_2190_1982.json,1982_HKCFI_160.json,[1982] HKCFI 160
HKCFI_1982_2.html.txt,1982_HKCFI_2_HCA_4249_1982.json,1982_HKCFI_2.json,[1982] HKCFI 2
HKCA_1983_299.html.txt,1983_HKCA_299_1983_1_HKC_150.json,1983_HKCA_299.json,[1983] HKCA 299
HKCFI_1983_101.html.txt,1983_HKCFI_101_HCA_8039_1983.json,1983_HKCFI_101.json,[1983] HKCFI 101
HKCFI_1983_240.html.txt,1983_HKCFI_240_HCA_4314_1982.json,1983_HKCFI_240.json,[1983] HKCFI 240
HKCFI_1983_242.html.txt,1983_HKCFI_242_HCA_9188_1982_1_November_1983.json,1983_HKCFI_242.json,[1983] HKCFI 242
HKCFI_1983_301.html.txt,1983_HKCFI_301_HCA_4930_1981.json,1983_HKCFI_301.json,[1983] HKCFI 301
HKCFI_1983_80.html.txt,1983_HKCFI_80_HCA_1427_1983.json,1983_HKCFI_80.json,[1983] HKCFI 80
HKCFI_1983_86.html.txt,1983_HKCFI_86_HCA_3712_1981_31_August_1983.json,1983_HKCFI_86.json,[1983] HKCFI 86
HKCFI_1983_9.html.txt,1983_HKCFI_9_HCA_7602_1982.json,1983_HKCFI_9.json,[1983] HKCFI 9
HKCFI_1984_155.html.txt,1984_HKCFI_155_1985_2_HKC_528.json,1984_HKCFI_155.json,[1984] HKCFI 155
HKCFI_1984_1.html.txt,1984_HKCFI_1_HCA_6071_1981_26_October_1984.json,1984_HKCFI_1.json,[1984] HKCFI 1
HKCFI_1984_254.html.txt,1984_HKCFI_254_HCA_864_1982_4_January_1984.json,1984_HKCFI_254.json,[1984] HKCFI 254
HKCFI_1984_360.html.txt,1984_HKCFI_360_HCA_823_1983.json,1984_HKCFI_360.json,[1984] HKCFI 360
HKCFI_1984_396.html.txt,1984_HKCFI_396_HCA_3619_1982_22_February_1984.json,1984_HKCFI_396.json,[1984] HKCFI 396
HKCFI_1984_402.html.txt,1984_HKCFI_402_HCA_4123_1982.json,1984_HKCFI_402.json,[1984] HKCFI 402
HKCFI_1984_45.html.txt,1984_HKCFI_45_HCA_3660_1984.json,1984_HKCFI_45.json,[1984] HKCFI 45
HKCFI_1985_219.html.txt,1985_HKCFI_219_HCA_11640_1982.json,1985_HKCFI_219.json,[1985] HKCFI 219
HKCFI_1985_227.html.txt,1985_HKCFI_227_HCA_3642_1983.json,1985_HKCFI_227.json,[1985] HKCFI 227
HKCFI_1985_272.html.txt,1985_HKCFI_272_HCA_5115_1983.json,1985_HKCFI_272.json,[1985] HKCFI 272
HKCFI_1985_323.html.txt,1985_HKCFI_323_HCA_1959_1984.json,1985_HKCFI_323.json,[1985] HKCFI 323
HKCFI_1985_404.html.txt,1985_HKCFI_404_HCA_7865_1983.json,1985_HKCFI_404.json,[1985] HKCFI 404
HKCFI_1985_63.html.txt,1985_HKCFI_63_HCA_204_1984.json,1985_HKCFI_63.json,[1985] HKCFI 63
HKCFI_1985_67.html.txt,1985_HKCFI_67_HCA_4434_1984.json,1985_HKCFI_67.json,[1985] HKCFI 67
HKCFI_1985_69.html.txt,1985_HKCFI_69_HCA_4881_1981.json,1985_HKCFI_69.json,[1985] HKCFI 69
HKCFI_1985_70.html.txt,1985_HKCFI_70_HCA_4882_1981_27_March_1985.json,1985_HKCFI_70.json,[1985] HKCFI 70
HKCFI_1985_71.html.txt,1985_HKCFI_71_HCA_5913_1984.json,1985_HKCFI_71.json,[1985] HKCFI 71
HKCFI_1985_72.html.txt,1985_HKCFI_72_HCA_7007_1983_10_May_1985.json,1985_HKCFI_72.json,[1985] HKCFI 72
HKCFI_1985_82.html.txt,1985_HKCFI_82_HCA_1788_1984.json,1985_HKCFI_82.json,[1985] HKCFI 82
HKCFI_1985_83.html.txt,1985_HKCFI_83_HCA_1947_1984.json,1985_HKCFI_83.json,[1985] HKCFI 83
HKCFI_1986_124.html.txt,1986_HKCFI_124_HCA_2006_1984.json,1986_HKCFI_124.json,[1986] HKCFI 124
HKCFI_1986_267.html.txt,1986_HKCFI_267_HCA_4183_1985.json,1986_HKCFI_267.json,[1986] HKCFI 267
HKCFI_1986_268.html.txt,1986_HKCFI_268_HCA_7735_1985.json,1986_HKCFI_268.json,[1986] HKCFI 268
HKCFI_1986_325.html.txt,1986_HKCFI_325_HCA_13230_1983_2_January_1986.json,1986_HKCFI_325.json,[1986] HKCFI 325
HKCFI_1986_326.html.txt,1986_HKCFI_326_HCA_11720_1982.json,1986_HKCFI_326.json,[1986] HKCFI 326
HKCFI_1986_32.html.txt,1986_HKCFI_32_HCA_2823_1983.json,1986_HKCFI_32.json,[1986] HKCFI 32
HKCFI_1986_38.html.txt,1986_HKCFI_38_HCA_1547_1985_10_October_1986.json,1986_HKCFI_38.json,[1986] HKCFI 38
HKCFI_1986_394.html.txt,1986_HKCFI_394_HCA_6239_1984_30_April_1986.json,1986_HKCFI_394.json,[1986] HKCFI 394
HKCFI_1986_415.html.txt,1986_HKCFI_415_HCA_3466_1985_14_March_1986.json,1986_HKCFI_415.json,[1986] HKCFI 415
HKCFI_1986_41.html.txt,1986_HKCFI_41_HCA_5331_1985.json,1986_HKCFI_41.json,[1986] HKCFI 41
HKCFI_1986_421.html.txt,1986_HKCFI_421_HCA_14011_1983_8_December_1986.json,1986_HKCFI_421.json,[1986] HKCFI 421
HKCFI_1986_429.html.txt,1986_HKCFI_429_HCA_6818_1981_15_April_1986.json,1986_HKCFI_429.json,[1986] HKCFI 429
HKCFI_1986_54.html.txt,1986_HKCFI_54_1987_1_HKC_373_HCA_9864_1983_15_January_1986.json,1986_HKCFI_54.json,[1986] HKCFI 54
HKCA_1987_5.html.txt,1987_HKCA_5_1987_3_HKC_194_CACV_44_1987.json,1987_HKCA_5.json,[1987] HKCA 5
HKCFI_1987_138.html.txt,1987_HKCFI_138_HCA_2495_1977.json,1987_HKCFI_138.json,[1987] HKCFI 138
HKCFI_1987_139.html.txt,1987_HKCFI_139_HCA_2496_1977.json,1987_HKCFI_139.json,[1987] HKCFI 139
HKCFI_1987_140.html.txt,1987_HKCFI_140_HCA_7337_1986_10_July_1987.json,1987_HKCFI_140.json,[1987] HKCFI 140
HKCFI_1987_20.html.txt,1987_HKCFI_20_HCA_957_1984_13_February_1987.json,1987_HKCFI_20.json,[1987] HKCFI 20
HKCFI_1987_25.html.txt,1987_HKCFI_25_HCA_7100_1984_13_March_1987.json,1987_HKCFI_25.json,[1987] HKCFI 25
HKCFI_1987_79.html.txt,1987_HKCFI_79_1987_2_HKC_509_HCA_4433_1985_31_March_1987.json,1987_HKCFI_79.json,[1987] HKCFI 79
HKCA_1988_241.html.txt,1988_HKCA_241_CACV_12_1988_22_July_1988.json,1988_HKCA_241.json,[1988] HKCA 241
HKCFI_1988_123.html.txt,1988_HKCFI_123_1989_1_HKC_572_HCA_4267_1987_14_December_1988.json,1988_HKCFI_123.json,[1988] HKCFI 123
HKCFI_1988_131.html.txt,1988_HKCFI_131_HCA_8495_1984_10_June_1988.json,1988_HKCFI_131.json,[1988] HKCFI 131
HKCFI_1988_168.html.txt,1988_HKCFI_168_HCA_1720_1986.json,1988_HKCFI_168.json,[1988] HKCFI 168
HKCFI_1988_461.html.txt,1988_HKC_795.json,1988_HKCFI_461.json,[1988] HKCFI 461
HKCFI_1989_182.html.txt,1989_HKCFI_182_1989_2_HKC_459_HCA_1597_1989.json,1989_HKCFI_182.json,[1989] HKCFI 182
HKCFI_1989_191.html.txt,1989_HKCFI_191_HCAJ_209_1984_10_November_1989.json,1989_HKCFI_191.json,[1989] HKCFI 191
HKCFI_1989_64.html.txt,1989_HKCFI_64_HCA_6171_1986.json,1989_HKCFI_64.json,[1989] HKCFI 64
HKCFI_1990_76.html.txt,1990_HKCFI_76_1990_2_HKC_485.json,1990_HKCFI_76.json,[1990] HKCFI 76
HKCFI_1990_78.html.txt,1990_HKCFI_78_1990_2_HKC_381.json,1990_HKCFI_78.json,[1990] HKCFI 78
HKCA_1991_275.html.txt,1991_HKCA_275_1991_2_HKC_73_CACV_45_1990_5_July_1991.json,1991_HKCA_275.json,[1991] HKCA 275
HKCA_1991_287.html.txt,1991_HKCA_287_1991_2_HKC_63.json,1991_HKCA_287.json,[1991] HKCA 287
HKCFI_1991_11.html.txt,1991_HKCFI_11_1991_2_HKC_322_HCA_852_1989_13_March_1991.json,1991_HKCFI_11.json,[1991] HKCFI 11
HKCFI_1991_12.html.txt,1991_HKCFI_12_1991_2_HKC_480.json,1991_HKCFI_12.json,[1991] HKCFI 12
HKCFI_1991_86.html.txt,1991_HKCFI_86_HCA_1105_1989.json,1991_HKCFI_86.json,[1991] HKCFI 86
HKCFI_1992_301.html.txt,1992_HKCFI_301_1992_1_HKC_389_HCA_2498_1991_26_March_1992.json,1992_HKCFI_301.json,[1992] HKCFI 301
HKCFI_1993_204.html.txt,1993_HKCFI_204_HCA_6551_1986_12_May_1993.json,1993_HKCFI_204.json,[1993] HKCFI 204
HKCFI_1995_11.html.txt,1995_HKCFI_11_HCA_3177_1989_2_March_1995.json,1995_HKCFI_11.json,[1995] HKCFI 11
HKCFI_1995_12.html.txt,1995_HKCFI_12_HCA_3676_1994.json,1995_HKCFI_12.json,[1995] HKCFI 12
HKCFI_1995_36.html.txt,1995_HKCFI_36_1995_3_HKC_581.json,1995_HKCFI_36.json,[1995] HKCFI 36
HKCFI_1996_232.html.txt,1996_HKCFI_232_HCPI_577_1995_27_February_1996.json,1996_HKCFI_232.json,[1996] HKCFI 232
HKCFI_1996_336.html.txt,1996_HKCFI_336_HCPI_199_1995.json,1996_HKCFI_336.json,[1996] HKCFI 336
HKCFI_1996_523.html.txt,1996_HKCFI_523_1996_2_HKC_44_HCPI_422_1995.json,1996_HKCFI_523.json,[1996] HKCFI 523
HKCFI_1997_766.html.txt,1997_3_HKC_655_HKCFI_766.json,1997_HKCFI_766.json,[1997] HKCFI 766
HKCFI_1997_183.html.txt,1997_HKCFI_183_1997_2_HKC_21_HCPI_536_1995.json,1997_HKCFI_183.json,[1997] HKCFI 183
HKCFI_1997_187.html.txt,1997_HKCFI_187_HCPI_797_1996_11_April_1997.json,1997_HKCFI_187.json,[1997] HKCFI 187
HKCFI_1997_768.html.txt,1997_HKCFI_768_HCPI_934_1995_18_April_1997.json,1997_HKCFI_768.json,[1997] HKCFI 768
HKCFI_1998_397.html.txt,1998_HKCFI_397_1998_2_HKLRD_354.json,1998_HKCFI_397.json,[1998] HKCFI 397
HKCFI_1999_214.html.txt,1999_HKCFI_214_2000_1_HKLRD_856_HCPI_763_1997_21_December_1999.json,1999_HKCFI_214.json,[1999] HKCFI 214
HKCFI_1999_830.html.txt,1999_HKCFI_830_1999_3_HKLRD_190_1999_4_HKC_373.json,1999_HKCFI_830.json,[1999] HKCFI 830
HKCFI_2000_1167.html.txt,2000_HKCFI_1167_2000_3_HKLRD_241.json,2000_HKCFI_1167.json,[2000] HKCFI 1167
HKCFI_2000_1296.html.txt,2000_HKCFI_1296_HCPI_408_1999_12_September_2000.json,2000_HKCFI_1296.json,[2000] HKCFI 1296
HKCFI_2000_499.html.txt,2000_HKCFI_499_HCPI_1085_1999.json,2000_HKCFI_499.json,[2000] HKCFI 499
HKCFI_2000_845.html.txt,2000_HKCFI_845_2000_3_HKLRD_198.json,2000_HKCFI_845.json,[2000] HKCFI 845
HKCFI_2001_1150.html.txt,2001_HKCFI_1150_2001_3_HKLRD_1_HCPI_570_1999_5_March_2001.json,2001_HKCFI_1150.json,[2001] HKCFI 1150
HKCFI_2001_26.html.txt,2001_HKCFI_26_HCPI_521_2000_3_July_2001.json,2001_HKCFI_26.json,[2001] HKCFI 26
HKCFI_2001_289.html.txt,2001_HKCFI_289_2001_1_HKLRD_540.json,2001_HKCFI_289.json,[2001] HKCFI 289
HKCFI_2001_483.html.txt,2001_HKCFI_483_HCPI_1176_2000.json,2001_HKCFI_483.json,[2001] HKCFI 483
HKCFI_2001_556.html.txt,2001_HKCFI_556_2001_3_HKLRD_1.json,2001_HKCFI_556.json,[2001] HKCFI 556
HKCFI_2001_75.html.txt,2001_HKCFI_75_2002_1_HKLRD_125_HCPI_244_1998_27_September_2001.json,2001_HKCFI_75.json,[2001] HKCFI 75
HKCFI_2001_816.html.txt,2001_HKCFI_816_HCPI_422_2000_12_October_2001.json,2001_HKCFI_816.json,[2001] HKCFI 816
HKCFI_2002_1164.html.txt,2002_HKCFI_1164_2002_4_HKC_76_HCPI_130_2001_16_July_2002.json,2002_HKCFI_1164.json,[2002] HKCFI 1164
HKCFI_2002_180.html.txt,2002_HKCFI_180_2002_3_HKLRD_185.json,2002_HKCFI_180.json,[2002] HKCFI 180
HKCFI_2002_188.html.txt,2002_HKCFI_188_HCPI_201_1999_27_August_2002.json,2002_HKCFI_188.json,[2002] HKCFI 188
HKCFI_2002_20.html.txt,2002_HKCFI_20_2002_2_HKLRD_754.json,2002_HKCFI_20.json,[2002] HKCFI 20
HKCFI_2002_44.html.txt,2002_HKCFI_44_HCPI_522_2001_12_April_2002.json,2002_HKCFI_44.json,[2002] HKCFI 44
HKCFI_2002_543.html.txt,2002_HKCFI_543_2003_1_HKLRD_343_HCPI_853_1999_30_May_2002.json,2002_HKCFI_543.json,[2002] HKCFI 543
HKCFI_2002_566.html.txt,2002_HKCFI_566_2002_2_HKLRD_738.json,2002_HKCFI_566.json,[2002] HKCFI 566
HKCFI_2002_709.html.txt,2002_HKCFI_709_2003_1_HKLRD_82.json,2002_HKCFI_709.json,[2002] HKCFI 709
HKDC_2002_87.html.txt,2002_HKDC_87_DCEC_363_2001_2_April_2002.json,2002_HKDC_87.json,[2002] HKDC 87
HKCFI_2003_147.html.txt,2003_HKCFI_147_2003_1_HKLRD_404_HCPI_1039_2001.json,2003_HKCFI_147.json,[2003] HKCFI 147
HKCFI_2003_556.html.txt,2003_HKCFI_556_HCPI_320_2002_24_December_2003.json,2003_HKCFI_556.json,[2003] HKCFI 556
HKCFI_2003_732.html.txt,2003_HKCFI_732_2003_2_HKLRD_546_2003_3_HKC_69_HCPI_422_2002_30_May_2003.json,2003_HKCFI_732.json,[2003] HKCFI 732
HKCFI_2003_872.html.txt,2003_HKCFI_872_HCPI_1221_2000_15_April_2003.json,2003_HKCFI_872.json,[2003] HKCFI 872
HKCFI_2003_893.html.txt,2003_HKCFI_893_2004_2_HKLRD_54_HCPI_827_2001_17_October_2003.json,2003_HKCFI_893.json,[2003] HKCFI 893
HKCFI_2003_962.html.txt,2003_HKCFI_962_2004_1_HKLRD_57.json,2003_HKCFI_962.json,[2003] HKCFI 962
HKDC_2003_161.html.txt,2003_HKDC_161_2003_2_HKLRD_195.json,2003_HKDC_161.json,[2003] HKDC 161
HKCFI_2004_760.html.txt,2004_HKCFI_760_2004_3_HKLRD_421.json,2004_HKCFI_760.json,[2004] HKCFI 760
HKCFI_2004_782.html.txt,2004_HKCFI_782_2005_2_HKLRD_729.json,2004_HKCFI_782.json,[2004] HKCFI 782
HKCFI_2005_207.html.txt,2005_HKCFI_207_HCPI_342_2004_22_March_2005.json,2005_HKCFI_207.json,[2005] HKCFI 207
HKCFI_2005_274.html.txt,2005_HKCFI_274_2005_4_HKLRD_1.json,2005_HKCFI_274.json,[2005] HKCFI 274
HKCFI_2005_507.html.txt,2005_HKCFI_507_HCPI_760_2003_30_June_2005.json,2005_HKCFI_507.json,[2005] HKCFI 507
HKCFI_2006_4.html.txt,2006_HKCFI_4_HCPI_1186_2004_4_January_2006.json,2006_HKCFI_4.json,[2006] HKCFI 4
HKCFI_2006_939.html.txt,2006_HKCFI_939_2006_4_HKC_616_HCPI_416_2005_22_June_2006.json,2006_HKCFI_939.json,[2006] HKCFI 939
HKDC_2006_119.html.txt,2006_HKDC_119_2006_2_HKLRD_698.json,2006_HKDC_119.json,[2006] HKDC 119
HKDC_2006_23.html.txt,2006_HKDC_23_2006_2_HKLRD_623.json,2006_HKDC_23.json,[2006] HKDC 23
HKCFI_2007_402.html.txt,2007_HKCFI_402_HCPI_234_2002.json,2007_HKCFI_402.json,[2007] HKCFI 402
HKCFI_2007_652.html.txt,2007_HKCFI_652_HCPI_679_2004_27_June_2007.json,2007_HKCFI_652.json,[2007] HKCFI 652
HKCFI_2008_14.html.txt,2008_HKCFI_14_2008_3_HKC_196.json,2008_HKCFI_14.json,[2008] HKCFI 14
HKCFI_2008_437.html.txt,2008_HKCFI_437_HCPI_176_2007.json,2008_HKCFI_437.json,[2008] HKCFI 437
HKCFI_2008_557.html.txt,2008_HKCFI_557_HCPI_672_2006_7_July_2008.json,2008_HKCFI_557.json,[2008] HKCFI 557
HKCFI_2008_574.html.txt,2008_HKCFI_574_2008_4_HKLRD_604.json,2008_HKCFI_574.json,[2008] HKCFI 574
HKCFI_2008_59.html.txt,2008_HKCFI_59_2008_4_HKLRD_649.json,2008_HKCFI_59.json,[2008] HKCFI 59
HKCFI_2009_2062.html.txt,2009_HKCFI_2062_2009_3_HKLRD_44_2009_2_HKC_452_HCAL_11_2007_2009-03-03.json,2009_HKCFI_2062.json,[2009] HKCFI 2062
HKDC_2009_23.html.txt,2009_HKDC_23_2009_2_HKLRD_259_DCPI_229_2007.json,2009_HKDC_23.json,[2009] HKDC 23
HKCFI_2010_388.html.txt,2010_HKCFI_388_2010_2_HKLRD_1108.json,2010_HKCFI_388.json,[2010] HKCFI 388
HKCFI_2010_904.html.txt,2010_HKCFI_904_2010_5_HKLRD_599_2011_1_HKC_463_HCPI_144_2009.json,2010_HKCFI_904.json,[2010] HKCFI 904
HKDC_2010_148.html.txt,2010_HKDC_148_2010_5_HKC_582.json,2010_HKDC_148.json,[2010] HKDC 148
HKDC_2010_475.html.txt,2010_HKDC_475_2010_5_HKLRD_342.json,2010_HKDC_475.json,[2010] HKDC 475
HKCFI_2011_476.html.txt,2011_HKCFI_476_2011_4_HKLRD_395.json,2011_HKCFI_476.json,[2011] HKCFI 476
HKCFI_2012_515.html.txt,2012_HKCFI_515_2012_2_HKC_249.json,2012_HKCFI_515.json,[2012] HKCFI 515
HKCA_2013_228.html.txt,2013_HKCA_228_2013_4_HKLRD_141_CACV_165_2012_13_May_2013.json,2013_HKCA_228.json,[2013] HKCA 228
HKCFI_2014_180.html.txt,2014_HKCFI_180_HCPI_100_2009.json,2014_HKCFI_180.json,[2014] HKCFI 180
HKCFI_2014_2010.html.txt,2014_HKCFI_2010_2016_1_HKC_491_HCPI_254_2011_7_November_2014.json,2014_HKCFI_2010.json,[2014] HKCFI 2010
HKCFI_2014_695.html.txt,2014_HKCFI_695_2014_3_HKLRD_21_2014_3_HKC_114_HCPI_301_2012_16_April_2014.json,2014_HKCFI_695.json,[2014] HKCFI 695
HKCFI_2014_986.html.txt,2014_HKCFI_986_2014_6_HKC_361_HCPI_18_2012_30_May_2014.json,2014_HKCFI_986.json,[2014] HKCFI 986
HKDC_2014_574.html.txt,2014_HKDC_574_DCPI_2225_2012_26_May_2014.json,2014_HKDC_574.json,[2014] HKDC 574
HKCFI_2015_326.html.txt,2015_HKCFI_326_2015_2_HKLRD_402.json,2015_HKCFI_326.json,[2015] HKCFI 326
HKCFI_2015_848.html.txt,2015_HKCFI_848_2015_3_HKLRD_271_2015_3_HKC_443_HCPI_917_2014_22_May_2015.json,2015_HKCFI_848.json,[2015] HKCFI 848
HKCFI_2016_1109.html.txt,2016_HKCFI_1109_HCPI_239_2014_4_July_2016.json,2016_HKCFI_1109.json,[2016] HKCFI 1109
HKCFI_2016_616.html.txt,2016_HKCFI_616_HCPI_14_2013.json,2016_HKCFI_616.json,[2016] HKCFI 616
HKDC_2016_926.html.txt,2016_HKDC_926_2016_4_HKLRD_501.json,2016_HKDC_926.json,[2016] HKDC 926
HKDC_2017_10.html.txt,2017_HKDC_10_2017_1_HKLRD_880.json,2017_HKDC_10.json,[2017] HKDC 10
HKDC_2017_167.html.txt,2017_HKDC_167_2017_2_HKLRD_322_2017_2_HKC_303.json,2017_HKDC_167.json,[2017] HKDC 167
HKDC_2005_8.html.txt,AHMED_MASOOD_v_CHUNG_KAU_ENGINEERING_CO_LTD_2005_HKDC_8.json,2005_HKDC_8.json,[2005] HKDC 8
HKCFI_1992_100.html.txt,CHAN_KWAI_NGOR_v_LEUNG_FAT_HANG_AND_ANOTHER_1992_HKCFI_100_1992_1_HKC_408_HCA_4053_1990_3_April_1992.json,1992_HKCFI_100.json,[1992] HKCFI 100
HKCFI_1995_267.html.txt,CHAN_PUI_KI_v_LEUNG_ON_AND_ANOTHER_1995_HKCFI_267_1995_3_HKC_732_HCA_2006_1992_30_October_1995.json,1995_HKCFI_267.json,[1995] HKCFI 267
HKCA_1996_678.html.txt,CHAN_PUI_KI_v_LEUNG_ON_AND_ANOTHER_1996_HKCA_678_1996_2_HKLRD_401_1996_2_HKC_565_CACV_263_1995_19_July_1996.json,1996_HKCA_678.json,[1996] HKCA 678
HKCFI_1981_5.html.txt,CHAN_WAI_MAN_v_LUK_SHUET_KING_T_A_HING_FAT_PLASTIC_AND_ANOTHER_1981_HKCFI_5_HCA_5088_1979_18_June_1981.json,1981_HKCFI_5.json,[1981] HKCFI 5
HKCA_1998_485.html.txt,CHENG_SAM_PAK_v_THE_ATTORNEY_GENERAL_FOR_HONG_KONG_AND_ANOTHER_1998_HKCA_485_1998_2_HKC_551_CACV_247_1997_1_May_1998.json,1998_HKCA_485.json,[1998] HKCA 485
HKCFI_1980_24.html.txt,CHIOK_WAH_MING_v_KOWLOON_MOTOR_BUS_CO_1933_LTD_AND_ANOTHER_1980_HKCFI_24.json,1980_HKCFI_24.json,[1980] HKCFI 24
HKCFI_1997_186.html.txt,CHOI_MEI_HO_v_CHUNG_CHIU_YING_T_A_KIN_KEE_AND_OTHERS_1997_HKCFI_186_1997_2_HKC_706_HCPI_784_1995_20_March_1997.json,1997_HKCFI_186.json,[1997] HKCFI 186
HKCFI_2003_837.html.txt,FUNG_KWOK_KI_v_WING_SANG_CONSTRUCTION_CO_LTD_AND_OTHERS_2003_HKCFI_837_2003_3_HKLRD_201_HCPI_757_2002_1_August_2003.json,2003_HKCFI_837.json,[2003] HKCFI 837
HKCFI_2002_1046.html.txt,HKCFI_1046_HCPI_1287_1999_3_May_2002.json,2002_HKCFI_1046.json,[2002] HKCFI 1046
HKCFI_2006_145.html.txt,HKCFI_145_HCPI_116_2005_14_February_2006.json,2006_HKCFI_145.json,[2006] HKCFI 145
HKCFI_2005_248.html.txt,HKCFI_248_HCPI_684_2002.json,2005_HKCFI_248.json,[2005] HKCFI 248
HKCFI_2005_292.html.txt,HKCFI_292_HCPI_488_2004.json,2005_HKCFI_292.json,[2005] HKCFI 292
HKCFI_2004_300.html.txt,HKCFI_300_HCPI_153_2003_10_May_2004.json,2004_HKCFI_300.json,[2004] HKCFI 300
HKCFI_1984_397.html.txt,HKCFI_397_HCA_3811_1980_6_June_1984.json,1984_HKCFI_397.json,[1984] HKCFI 397
HKCFI_1984_403.html.txt,HKCFI_403_HCA_12597_1982_8_November_1984.json,1984_HKCFI_403.json,[1984] HKCFI 403
HKCFI_2002_409.html.txt,HKCFI_409_HCPI_913_2000.json,2002_HKCFI_409.json,[2002] HKCFI 409
HKCFI_1989_416.html.txt,HKCFI_416_HCA_2623_1988_22_June_1989.json,1989_HKCFI_416.json,[1989] HKCFI 416
HKCFI_1998_458.html.txt,HKCFI_458_HCPI_374_1997_23_September_1998.json,1998_HKCFI_458.json,[1998] HKCFI 458
HKCFI_2008_460.html.txt,HKCFI_460_HCPI_894_2006_28_April_2008.json,2008_HKCFI_460.json,[2008] HKCFI 460
HKCFI_2004_678.html.txt,HKCFI_678_HCPI_1167_2003.json,2004_HKCFI_678.json,[2004] HKCFI 678
HKDC_2007_394.html.txt,HKDC_394.json,2007_HKDC_394.json,[2007] HKDC 394
HKDC_2016_457.html.txt,HKDC_457_DCPI_2474_2013_27_April_2016.json,2016_HKDC_457.json,[2016] HKDC 457
HKCFI_2001_557.html.txt,HUI_DIN_FUN_v_TONG_CHUNG_HOI_2001_HKCFI_557.json,2001_HKCFI_557.json,[2001] HKCFI 557
HKCFI_1997_790.html.txt,LAI_CHI_PON_v_TOTO_STEEL_IRON_WORKS_LTD_AND_OTHERS_1997_HKCFI_790_1997_2_HKC_741_HCPI_1149_1995_18_July_1997.json,1997_HKCFI_790.json,[1997] HKCFI 790
HKCFI_1995_565.html.txt,LAM_CHI_FAT_v_SO_KAM_SUI_KENNETH_AND_ANOTHER_1995_HKCFI_565_HCPI_167_1994_26_October_1995.json,1995_HKCFI_565.json,[1995] HKCFI 565
HKCFI_1983_5.html.txt,LAM_CHOI_TAI_v_KWOK_MAN_CHEUNG_AND_ANOTHER_1983_HKCFI_5_HCA_5114_1983.json,1983_HKCFI_5.json,[1983] HKCFI 5
HKCFI_1979_7.html.txt,LAM_MEI_LAN_v_LEUNG_YUK_AND_OTHERS_1979_HKCFI_7_HCA_676_1979.json,1979_HKCFI_7.json,[1979] HKCFI 7
HKCFI_1974_53.html.txt,LAU_LEUNG_v_CHAN_CHIU_TONG_AND_ANOTHER_1974_HKCFI_53.json,1974_HKCFI_53.json,[1974] HKCFI 53
HKCFI_1985_207.html.txt,LEE_CHUNG_AND_ANOTHER_v_PANG_LAP_HUNG_AND_ANOTHER_1985_HKCFI_207_HCA_2764_1985_6_November_1985.json,1985_HKCFI_207.json,[1985] HKCFI 207
HKCFI_1995_15.html.txt,LEE_HON_CHEUNG_v_CHAN_TANG_KAI_LAN_AND_ANOTHER_1995_HKCFI_15_1995_3_HKC_640_HCA_4522_1991_30_October_1995.json,1995_HKCFI_15.json,[1995] HKCFI 15
HKCFI_1999_364.html.txt,LEE_YUK_LAN_v_ROYALTELLE_INTERNATIONAL_LTD_T_A_THE_ROYAL_GARDEN_1999_HKCFI_364_HCPI_187_1995_5_August_1999.json,1999_HKCFI_364.json,[1999] HKCFI 364
HKCFI_1980_2.html.txt,LEUNG_KAM_MING_v_LEE_TING_LAM_1980_HKCFI_2_HCA_245_1979_17_January_1980.json,1980_HKCFI_2.json,[1980] HKCFI 2
HKCFI_1978_44.html.txt,LEUNG_YUI_KIN_v_LAI_PING_SUN_AND_ANOTHER_1978_HKCFI_44_HCA_2579_1976.json,1978_HKCFI_44.json,[1978] HKCFI 44
HKCFI_2014_1907.html.txt,LI_TAT_CHUEN_v_YIP_WING_CHUEN_JACKY_AND_OTHERS_2014_HKCFI_1907.json,2014_HKCFI_1907.json,[2014] HKCFI 1907
HKCFI_2008_670.html.txt,LI_YIK_WING_v_SECRETARY_FOR_JUSTICE_2008_HKCFI_670.json,2008_HKCFI_670.json,[2008] HKCFI 670
HKCFI_1976_32.html.txt,LUK_KA_WAI_v_LEE_YUK_CHUN_AND_ANOTHER_1976_HKCFI_32.json,1976_HKCFI_32.json,[1976] HKCFI 32
HKCFI_1983_99.html.txt,MAK_KWOK_PING_v_LUI_NAM_T_A_NAM_YING_CREASING_PAPER_BOX_FACTORY_1983_HKCFI_99_HCA_7084_1983_24_October_1983.json,1983_HKCFI_99.json,[1983] HKCFI 99
HKCFI_1986_416.html.txt,MA_CHI_FU_v_LAW_TIT_WING_AND_ANOTHER_1986_HKCFI_416_HCA_3551_1981_11_April_1986.json,1986_HKCFI_416.json,[1986] HKCFI 416
HKCFI_1980_74.html.txt,NG_KAM_CHOU_v_CHUNG_YOI_CHIU_AND_ANOTHER_1980_HKCFI_74_HCA_968_1978.json,1980_HKCFI_74.json,[1980] HKCFI 74
HKCFI_1996_236.html.txt,NG_KWOK_WING_v_LAU_PING_KWAN_AND_OTHERS_1996_HKCFI_236_1996_4_HKC_667_HCPI_1013_1995_23_May_1996.json,1996_HKCFI_236.json,[1996] HKCFI 236
HKCFI_1984_51.html.txt,POON_ON_LAM_v_CHAN_SHU_CHOI_1984_HKCFI_51_HCA_6764_1981_19_July_1984.json,1984_HKCFI_51.json,[1984] HKCFI 51
HKDC_2001_52.html.txt,SIT_KA_YEE_v_LAI_WAI_HO_2001_HKDC_52.json,2001_HKDC_52.json,[2001] HKDC 52
HKDC_2005_262.html.txt,SZETO_MING_v_LO_MAN_KAM_2005_HKDC_262.json,2005_HKDC_262.json,[2005] HKDC 262
HKCFI_1985_68.html.txt,TANG_PUI_WAH_v_YIU_YAT_FAN_T_A_DAO_PONG_UNITED_GOODS_MANUFACTORY_1985_HKCFI_68_HCA_4500_1984_28_March_1985.json,1985_HKCFI_68.json,[1985] HKCFI 68
HKCFI_1997_557.html.txt,TA_XUONG_v_THE_INCORPORATED_OWNERS_OF_SUN_HING_BUILDING_1997_HKCFI_557_1997_4_HKC_171_HCPI_496_1995_30_October_1997.json,1997_HKCFI_557.json,[1997] HKCFI 557
HKCFI_1987_87.html.txt,TRAN_VAN_NHO_v_CHEUK_S_INDUSTRIES_CO_LTD_1987_HKCFI_87.json,1987_HKCFI_87.json,[1987] HKCFI 87
HKCFI_1983_161.html.txt,TSANG_LOY_FUK_v_KONG_AND_HALVORSEM_MARINE_AND_ENGINEERING_CO_LTD_1983_HKCFI_161_HCA_1393_1981_18_March_1983.json,1983_HKCFI_161.json,[1983] HKCFI 161
HKDC_2008_7.html.txt,TSO_CHUN_CHEONG_v_MAK_CHI_MING_T_A_LIK_WANG_INTERNATIONAL_SOFA_CO_2008_HKDC_7_DCPI_766_2007_8_January_2008.json,2008_HKDC_7.json,[2008] HKDC 7
HKCFI_1989_75.html.txt,WONG_HUNG_FAN_v_TSE_HON_SHING_1989_HKCFI_75_1989_2_HKC_285.json,1989_HKCFI_75.json,[1989] HKCFI 75
HKCFI_2008_552.html.txt,YEUNG_LOK_SZE_v_HONG_YIP_SERVICE_CO_LTD_2008_HKCFI_552.json,2008_HKCFI_552.json,[2008] HKCFI 552
HKCFI_2001_14.html.txt,YEUNG_SZE_v_WIN_ART_DESIGN_AMP_DECORATION_CO_LTD_2001_HKCFI_14.json,2001_HKCFI_14.json,[2001] HKCFI 14
HKCFI_1999_1055.html.txt,YIM_FAT_FONG_v_WONG_KIM_HUNG_AND_ANOTHER_1999_HKCFI_1055_HCPI_1173_1996_24_June_1999.json,1999_HKCFI_1055.json,[1999] HKCFI 1055
HKCFI_2000_190.html.txt,YIP_PIU_v_CHUNG_KAM_FEI_CATHERINE_AND_ANOTHER_2000_HKCFI_190.json,2000_HKCFI_190.json,[2000] HKCFI 190
HKCFI_1995_537.html.txt,YU_KWOK_SHING_v_COLOR_CELLS_FAR_EAST_LTD_1995_HKCFI_537_HCA_3482_1993.json,1995_HKCFI_537.json,[1995] HKCFI 537
HKCFI_1982_23.html.txt,YU_MAN_CHUI_v_CHOW_CHI_FUN_1982_HKCFI_23_HCA_2518_1981_13_August_1982.json,1982_HKCFI_23.json,[1982] HKCFI 23
