path,normalized_path,metric_id,score,passed,gold_value,extracted_value,reason,reasoning,matched,missed_gold,spurious_pred,precision,recall,f1
$.properties.metadata.properties.neutral_citation,metadata.neutral_citation,string_exact,1.000000,true,[2016] HKCFI 1008,[2016] HKCFI 1008,,,,,,,,
$.properties.metadata.properties.action_number,metadata.action_number,string_exact,1.000000,true,HCPI 1129/2014,HCPI 1129/2014,,,,,,,,
$.properties.metadata.properties.case_name,metadata.case_name,string_fuzzy,1.000000,true,"wong sun cheong, suing by his next friend lee yin sheung v. choi chi kong and another","wong sun cheong, suing by his next friend lee yin sheung v. choi chi kong and another",,,,,,,,
$.properties.metadata.properties.judgment_date,metadata.judgment_date,string_exact,1.000000,true,2016-06-15,2016-06-15,,,,,,,,
$.properties.metadata.properties.plaintiff_count,metadata.plaintiff_count,number_exact,1.000000,true,1.0,1.0,,,,,,,,
$.properties.metadata.properties.has_pre_existing_injuries,metadata.has_pre_existing_injuries,boolean_exact,1.000000,true,False,False,,,,,,,,
$.properties.plaintiff.properties.gender,plaintiff.gender,string_exact,1.000000,true,Male,Male,,,,,,,,
$.properties.plaintiff.properties.age_at_accident,plaintiff.age_at_accident,number_exact,1.000000,true,64.0,64.0,,,,,,,,
$.properties.plaintiff.properties.age_at_trial,plaintiff.age_at_trial,number_exact,1.000000,true,69.0,69.0,,,,,,,,
$.properties.plaintiff.properties.occupation_after,plaintiff.occupation_after,string_semantic,1.000000,true,,,both_null,,,,,,,
$.properties.plaintiff.properties.expected_occupation_after,plaintiff.expected_occupation_after,string_semantic,1.000000,true,,,both_null,,,,,,,
$.properties.plaintiff.properties.salary_before,plaintiff.salary_before,number_exact,1.000000,true,3490.0,3490.0,,,,,,,,
$.properties.plaintiff.properties.salary_after,plaintiff.salary_after,number_exact,1.000000,true,,,both_null,,,,,,,
$.properties.plaintiff.properties.expected_salary_after,plaintiff.expected_salary_after,number_exact,1.000000,true,,,both_null,,,,,,,
$.properties.plaintiff.properties.education_level,plaintiff.education_level,string_semantic,1.000000,true,,,both_null,,,,,,,
$.properties.injuries.properties.overall_category,injuries.overall_category,string_exact,1.000000,true,Gross disability,Gross disability,,,,,,,,
$.properties.treatment.properties.hospitalisation_days,treatment.hospitalisation_days,number_exact,1.000000,true,,,both_null,,,,,,,
$.properties.treatment.properties.expected_hospitalisation_days,treatment.expected_hospitalisation_days,number_exact,1.000000,true,,,both_null,,,,,,,
$.properties.treatment.properties.operations_count,treatment.operations_count,number_exact,1.000000,true,3.0,3.0,,,,,,,,
$.properties.treatment.properties.future_operations_count,treatment.future_operations_count,number_exact,1.000000,true,,,both_null,,,,,,,
$.properties.treatment.properties.sick_leave_days_actual,treatment.sick_leave_days_actual,number_exact,1.000000,true,,,both_null,,,,,,,
$.properties.treatment.properties.sick_leave_days_expected,treatment.sick_leave_days_expected,number_exact,1.000000,true,,,both_null,,,,,,,
$.properties.psla.properties.amount,psla.amount,number_tolerance,1.000000,true,900000.0,900000.0,,,,,,,,
$.properties.injury_loss_relations.items.properties.injury,injury_loss_relations.items.injury,string_semantic,1.000000,true,,,both_null,,,,,,,
$.properties.injury_loss_relations.items.properties.caused_by_injury_id,injury_loss_relations.items.caused_by_injury_id,string_semantic,1.000000,true,,,both_null,,,,,,,
$.properties.injury_loss_relations.items.properties.loss,injury_loss_relations.items.loss,string_semantic,1.000000,true,,,both_null,,,,,,,
$.properties.injury_loss_relations.items.properties.evidence,injury_loss_relations.items.evidence,array_llm,1.000000,true,,,both_null,,,,,,,
$.properties.plaintiff.properties.occupation_before,plaintiff.occupation_before,string_semantic,0.900000,true,delivery man at Kai Ming Food Shop,Delivery man at Kai Ming Food Shop; also did part‑time delivery work (soya milk and noodles),,"The predicted string contains the exact gold content: 'delivery man at Kai Ming Food Shop'. It adds extra, unverified detail about part-time delivery work (soya milk and noodles), which is additional rather than contradicting the gold. Because the core occupation and employer match exactly, but extra info goes beyond the gold, a small penalty is applied.",,,,,,
$.properties.treatment.properties.treatments_future,treatment.treatments_future,array_llm,0.000000,false,['Lifelong care and attention (cost of hiring a domestic helper was claimed)'],"['Neurosurgical follow up every 3 months', 'Ongoing antiepileptic medication (phenytoin) as indicated']",,"The gold array contains one item describing a need for lifelong care and attention (including a claimed cost for hiring a domestic helper). The predicted array contains two items about ongoing clinical follow-up and antiepileptic medication. Under the schema (array of treatment types) and the provided string_semantic metric guidance, items must semantically match to be considered a true match. Neither predicted string conveys the same meaning as the gold item (no mention of lifelong custodial care or domestic helper costs). Because a TRUE MATCH requires every field to pass and these do not semantically match the gold item, there are no matches. Therefore the single gold item is missed and both predicted items are spurious.",0,1,2,0.000000,0.000000,0.000000
$.properties.losses.properties.losses,losses.losses,string_semantic,0.570000,false,"[{'category': 'Loss of bodily integrity', 'description': 'Severe head injury with skull fractures, subarachnoid bleeding, subdural bleeding and contusion of the brain substance requiring emergency neurosurgery.'}, {'category': 'Loss of mental ability', 'description': 'Cognitive dysfunction; MMSE 18/30 giving mild to moderate dementia; slowed comprehension.'}, {'category': 'Loss of communication ability', 'description': 'Dysphasia: naming difficulty, impaired ability to express himself and impaired understanding of verbal communications.'}, {'category': 'Loss of independence', 'description': 'Not capable of managing his own legal and financial affairs and not fully independent even inside the home; needs care and attention for the rest of his life.'}, {'category': 'Loss of mobility', 'description': 'Walked stably but could not walk heel to toe and showed truncal ataxia; impaired balance.'}, {'category': 'Loss of congenial employment', 'description': 'Not employable in any capacity; permanent loss of earning capacity was 100%.'}]","[{'category': 'Loss of independence', 'description': '""P is not capable of managing his own legal and financial affairs and is not fully independent even inside the home.""'}, {'category': 'Loss of congenial employment', 'description': '""with P’s cognitive dysfunction, dysphasia, incontinence and impaired balance, P was not employable in any capacity. His permanent loss of earning capacity was 100%.""'}, {'category': 'Loss of mental ability', 'description': '""as a result of the severe head injury P had ... cognitive dysfunction""'}, {'category': 'Loss of communication ability', 'description': '""as a result of the severe head injury P had dysphasia (problem with language) ... impaired ability to express himself (often using the wrong words) as well as understanding of verbal communications.""'}]",,"Predicted output covers 4 of 6 gold categories but omits a distinct ""Loss of bodily integrity"" entry (details of skull fractures, subarachnoid/subdural bleeding and emergency neurosurgery) and a separate ""Loss of mobility"" entry (truncal ataxia, inability to walk heel-to-toe). Matches: Loss of congenial employment is fully captured (explicit 100% loss); Loss of communication is well reflected (dysphasia, impaired expression and understanding); Loss of independence is largely matched (unable to manage affairs, not fully independent) but omits the explicit lifelong need for care; Loss of mental ability is partially matched (cognitive dysfunction noted) but lacks specific findings (MMSE 18/30, mild-to-moderate dementia, slowed comprehension). Score computed by equal weighting of the six gold categories with partial credit for incomplete matches, yielding ~0.57.",,,,,,
$.properties.treatment.properties.treatments_received,treatment.treatments_received,array_llm,0.875000,true,"['Emergency operation to evacuate blood clots', 'Insertion of a ventricular drain', 'Second emergency operation to evacuate more blood clots', 'Cranioplasty to repair skull defect with a metallic prosthesis', 'Intubation and care in the intensive care unit', 'Antiepileptic drug (phenytoin) ongoing', 'Rehabilitation (transfer to Kowloon Hospital for rehabilitation)', 'Follow-up by neurosurgeons every 3 months']","['Emergency operation to evacuate blood clots', 'Insertion of a ventricular drain', 'Second emergency operation to evacuate more blood clots', 'Cranioplasty (repair skull defect with metallic prosthesis) in May 2012', 'Admission to intensive care unit and intubation for status epilepticus', 'Rehabilitation at Kowloon Hospital', 'Antiepileptic medication (phenytoin)']",,"I treated the arrays as unordered and applied semantic string matching (conservative meaning-level equivalence). A predicted item was counted as a true match to a gold item only when the predicted string conveyed the same treatment meaning as the gold string. Paraphrases that added non-contradictory details (e.g., a date or a cause) were accepted as matches. The only gold item with no corresponding predicted item was the scheduled neurosurgeon follow-up every 3 months. No predicted items were extra because all 7 predictions could be paired to 7 gold items.",7,1,0,1.000000,0.875000,0.933333
$.properties.injuries.properties.injuries,injuries.injuries,array_llm,0.000000,false,"[{'injury_id': 'inj_001', 'description': 'Severe head injury', 'injury_type': 'Permanent injury', 'body_part': 'brain / head', 'laterality': None, 'source': 'P sustained severe head injuries as is borne out by the agreed medical evidence.', 'icd_code': 'NA07.Z', 'icd_description': 'Intracranial injury, unspecified'}, {'injury_id': 'inj_002', 'description': 'Fractures on the left side of his skull', 'injury_type': 'Permanent injury', 'body_part': 'left skull', 'laterality': 'left', 'source': 'Radiological investigations showed fractures on the left side of his skull', 'icd_code': 'NA02.Z', 'icd_description': 'Fracture of skull or facial bones, part unspecified'}, {'injury_id': 'inj_003', 'description': 'Subarachnoid bleeding', 'injury_type': 'Permanent injury', 'body_part': 'brain / intracranial', 'laterality': None, 'source': 'Radiological investigations showed ... subarachnoid bleeding', 'icd_code': 'NA07.7', 'icd_description': 'Traumatic subarachnoid haemorrhage'}, {'injury_id': 'inj_004', 'description': 'Subdural bleeding', 'injury_type': 'Permanent injury', 'body_part': 'brain / intracranial', 'laterality': None, 'source': 'Radiological investigations showed ... subdural bleeding', 'icd_code': 'NA07.6Z', 'icd_description': 'Traumatic subdural haemorrhage, unspecified whether acute or chronic'}, {'injury_id': 'inj_005', 'description': 'Contusion of the brain substance', 'injury_type': 'Permanent injury', 'body_part': 'brain', 'laterality': None, 'source': 'Radiological investigations showed ... contusion of the brain substance.', 'icd_code': 'NA07.4C', 'icd_description': 'Focal brain contusion'}, {'injury_id': 'inj_006', 'description': 'Post-traumatic epilepsy (status epilepticus in August 2012)', 'injury_type': 'Permanent injury', 'body_part': 'neurological / brain', 'laterality': None, 'source': 'In August 2012, while having lunch at home, he developed status epilepticus with refractory generalized epileptic seizures. ... he was then started on the antiepileptic drug phenytoin which he continues to take.', 'icd_code': '8A60.5', 'icd_description': 'Epilepsy due to injuries to the head'}, {'injury_id': 'inj_007', 'description': 'Skull defect following craniectomy (required cranioplasty with metallic prosthesis)', 'injury_type': 'Permanent injury', 'body_part': 'skull', 'laterality': None, 'source': 'Emergency operation was done that day to evacuate blood clots and to insert a ventricular drain. ... In May 2012, he was re-admitted to QEH for his third operation, a cranioplasty to repair the skull defect with a metallic prosthesis.', 'icd_code': None, 'icd_description': 'Injuries to the head'}]","[{'injury_id': 'inj_001', 'description': 'Severe head injury with skull fractures and multiple intracranial haemorrhages and contusion of the brain substance', 'injury_type': 'Permanent injury', 'body_part': 'head / brain (left side skull fracture noted)', 'laterality': 'left', 'source': '""Radiological investigations showed fractures on the left side of his skull, subarachnoid bleeding, subdural bleeding as well as contusion of the brain substance.""', 'icd_code': 'NA07.Y', 'icd_description': 'Other specified intracranial injury'}, {'injury_id': 'inj_002', 'description': 'Post‑traumatic epilepsy (status epilepticus in August 2012; on antiepileptic drug phenytoin)', 'injury_type': 'Permanent injury', 'body_part': 'brain / neurological system', 'laterality': None, 'source': '""In August 2012, while having lunch at home, he developed status epilepticus with refractory generalized epileptic seizures... He was then started on the antiepileptic drug phenytoin which he continues to take.""', 'icd_code': '8A60.5', 'icd_description': 'Epilepsy due to injuries to the head'}]",,"Arrays treated as unordered. For a predicted item to be a TRUE MATCH with a gold item every field must pass its per-field check. Only predicted IDs available were inj_001 and inj_002, so only gold items with those IDs could possibly match. Evaluations: 

- Gold inj_001 vs Pred inj_001: injury_id matches and injury_type matches. However several fields fail exact/strict checks: description (gold: ""Severe head injury"" vs pred: expanded text including fractures, multiple haemorrhages and contusion) does not exactly match; laterality (gold null vs pred ""left"") mismatches; body_part (gold ""brain / head"" vs pred ""head / brain (left side skull fracture noted)"") is not an exact/strict match; icd_code (gold ""NA07.Z"" vs pred ""NA07.Y"") differs; source text differs in phrasing/quoting. Because one or more fields fail, the entire pair is a MISMATCH.

- Gold inj_002 vs Pred inj_002: injury_id matches but nearly every other field fails. Gold description refers to left skull fractures while pred description is post-traumatic epilepsy/status epilepticus (semantic mismatch); body_part mismatch (gold ""left skull"" vs pred ""brain / neurological system""); laterality (gold ""left"" vs pred null) mismatch; icd_code (gold ""NA02.Z"" vs pred ""8A60.5"") mismatch. Entire pair is a MISMATCH.

- Predicted inj_001 contains content that overlaps multiple gold items (skull fractures, subarachnoid and subdural bleeding, contusion) but cannot be matched to those gold items because either the injury_id differs or individual fields (description, icd_code, laterality, etc.) do not meet the strict per-field matching requirement. Predicted inj_002 semantically corresponds to gold inj_006 (post-traumatic epilepsy), but its injury_id is inj_002 (not inj_006) and multiple fields differ, so it cannot be treated as a true match.

Result: No gold item has a predicted counterpart that passes all per-field checks. 7 gold items remain unmatched; both predicted items are spurious.",0,7,2,0.000000,0.000000,0.000000
$.properties.psla.properties.comparable_cases,psla.comparable_cases,array_llm,0.500000,false,"[{'case_name': 'Cheung Wai Ping v Chan Yuen Yee', 'neutral_citation': None, 'action_number': 'HCPI 668/2005', 'injury_description': None, 'hospitalisation_days': None, 'operations_count': None, 'sick_leave_days': None, 'comparison': None, 'psla_amount': 1000000.0}, {'case_name': 'Chan Sze Ki v Department of Justice & another', 'neutral_citation': '[2005] 3 HKLRD 520', 'action_number': None, 'injury_description': None, 'hospitalisation_days': None, 'operations_count': None, 'sick_leave_days': None, 'comparison': None, 'psla_amount': 800000.0}]","[{'case_name': 'Cheung Wai Ping v Chan Yuen Yee', 'neutral_citation': None, 'action_number': 'HCPI 668/2005', 'injury_description': None, 'hospitalisation_days': None, 'operations_count': None, 'sick_leave_days': None, 'comparison': None, 'psla_amount': 1000000.0}, {'case_name': 'Lam Mo Bun v Hong Kong Aerosol Co. Ltd & others', 'neutral_citation': '[2001] 1 HKLRD 540', 'action_number': None, 'injury_description': None, 'hospitalisation_days': None, 'operations_count': None, 'sick_leave_days': None, 'comparison': None, 'psla_amount': 800000.0}, {'case_name': 'Siu Leung Sing v Wong Fook Wing & another', 'neutral_citation': None, 'action_number': 'HCPI 1096/1999', 'injury_description': None, 'hospitalisation_days': None, 'operations_count': None, 'sick_leave_days': None, 'comparison': None, 'psla_amount': 900000.0}, {'case_name': 'Law Ping Leung v Ng Sze Pong', 'neutral_citation': '[2009] 5 HKLRD 426', 'action_number': None, 'injury_description': None, 'hospitalisation_days': None, 'operations_count': None, 'sick_leave_days': None, 'comparison': None, 'psla_amount': 1100000.0}, {'case_name': 'Chan Yuk v Dragages et Travaux Publics (HK) Ltd & others', 'neutral_citation': '[2000] 2 HKLRD 795', 'action_number': None, 'injury_description': None, 'hospitalisation_days': None, 'operations_count': None, 'sick_leave_days': None, 'comparison': None, 'psla_amount': 1250000.0}]",,"I treated fields conservatively: textual fields (case_name, neutral_citation, action_number, etc.) require exact string equality (string_exact) and numeric fields (psla_amount) require exact numeric equality (number_exact). Nulls must match null. A predicted item is a TRUE MATCH with a gold item only if every field passes. Using those rules: 1) The predicted item with case_name ""Cheung Wai Ping v Chan Yuen Yee"" matches the first gold item exactly — all fields (case_name, neutral_citation null, action_number ""HCPI 668/2005"", other null fields, and psla_amount 1000000.0) are identical, so this is a true match. 2) No predicted item matches the second gold item (""Chan Sze Ki v Department of Justice & another"", neutral citation ""[2005] 3 HKLRD 520"", psla_amount 800000.0): although one prediction has the same psla_amount (800000.0), its case_name and citation differ, so it fails the per-field exact-match requirement and therefore is not a match. All predicted items other than the matched Cheung Wai Ping entry are treated as spurious. Counts: matched = 1, missed_gold = 1, spurious_pred = 4.",1,1,4,0.200000,0.500000,0.285714
$.properties.injuries.properties.manifestations,injuries.manifestations,array_llm,0.307692,false,"[{'description': 'Loss of consciousness', 'manifestation_type': 'symptom', 'caused_by_injury_id': 'inj_001'}, {'description': 'Prolonged post-traumatic amnesia (estimated as over one month)', 'manifestation_type': 'symptom', 'caused_by_injury_id': 'inj_001'}, {'description': 'Dysphasia (problem with language)', 'manifestation_type': 'neurological_deficit', 'caused_by_injury_id': 'inj_001'}, {'description': 'Cognitive dysfunction (MMSE 18/30; mild to moderate dementia)', 'manifestation_type': 'neurological_deficit', 'caused_by_injury_id': 'inj_001'}, {'description': 'Epilepsy / generalized epileptic seizures (controlled with phenytoin; seizure-free since August 2012 episode)', 'manifestation_type': 'neurological_deficit', 'caused_by_injury_id': 'inj_006'}, {'description': 'Naming difficulty', 'manifestation_type': 'neurological_deficit', 'caused_by_injury_id': 'inj_001'}, {'description': 'Impaired ability to express himself (often using the wrong words)', 'manifestation_type': 'neurological_deficit', 'caused_by_injury_id': 'inj_001'}, {'description': 'Impaired understanding of verbal communications', 'manifestation_type': 'neurological_deficit', 'caused_by_injury_id': 'inj_001'}, {'description': 'Incontinence', 'manifestation_type': 'functional_deficit', 'caused_by_injury_id': 'inj_001'}, {'description': 'Impaired balance / truncal ataxia; walked stably but could not walk heel to toe', 'manifestation_type': 'functional_deficit', 'caused_by_injury_id': 'inj_001'}, {'description': 'Right leg mild spasticity with heightened reflexes', 'manifestation_type': 'sign', 'caused_by_injury_id': 'inj_001'}, {'description': 'Not employable in any capacity (permanent loss of earning capacity 100%)', 'manifestation_type': 'functional_deficit', 'caused_by_injury_id': 'inj_001'}, {'description': 'Not capable of managing his own legal and financial affairs; not fully independent even inside the home', 'manifestation_type': 'functional_deficit', 'caused_by_injury_id': 'inj_001'}]","[{'description': 'Loss of consciousness', 'manifestation_type': 'symptom', 'caused_by_injury_id': 'inj_001'}, {'description': 'Prolonged post‑traumatic amnesia (estimated as over one month)', 'manifestation_type': 'symptom', 'caused_by_injury_id': 'inj_001'}, {'description': 'Dysphasia (problem with language)', 'manifestation_type': 'neurological_deficit', 'caused_by_injury_id': 'inj_001'}, {'description': 'Cognitive dysfunction (MMSE 18/30; mild to moderate dementia)', 'manifestation_type': 'neurological_deficit', 'caused_by_injury_id': 'inj_001'}, {'description': 'Naming difficulty; impaired ability to express himself (often using the wrong words) and impaired understanding of verbal communications', 'manifestation_type': 'neurological_deficit', 'caused_by_injury_id': 'inj_001'}, {'description': 'Mild spasticity of the right leg with heightened reflexes', 'manifestation_type': 'sign', 'caused_by_injury_id': 'inj_001'}, {'description': 'Truncal ataxia; unable to walk heel to toe; impaired balance', 'manifestation_type': 'sign', 'caused_by_injury_id': 'inj_001'}, {'description': 'Incontinence', 'manifestation_type': 'functional_deficit', 'caused_by_injury_id': 'inj_001'}, {'description': 'Seizures / status epilepticus (controlled after August 2012; on phenytoin; seizure‑free since that one occasion)', 'manifestation_type': 'neurological_deficit', 'caused_by_injury_id': 'inj_002'}, {'description': 'Permanent neurological deficits', 'manifestation_type': 'neurological_deficit', 'caused_by_injury_id': 'inj_001'}]",,"I used a conservative exact-string matching policy for every field (description, manifestation_type, caused_by_injury_id). Per the instructions a pair is a TRUE MATCH only if every field exactly matches. Using that rule: 4 gold items exactly match predicted items (Loss of consciousness; Dysphasia (problem with language); Cognitive dysfunction (MMSE 18/30; mild to moderate dementia); Incontinence). Several items that are semantically similar did NOT match because at least one field differed exactly — e.g. the predicted ""Prolonged post‑traumatic amnesia..."" uses a different hyphen character (U+2011) so it is not an exact string match to the gold ""Prolonged post-traumatic amnesia...""; the seizure item in the gold references caused_by_injury_id ""inj_006"" while the predicted seizure item uses ""inj_002""; multiple gold items were split in the gold but merged in the prediction (e.g. naming difficulty, impaired expression, and impaired understanding are combined into a single predicted description) which prevents exact matching; several sign/functional descriptions differ in word order or phrasing (e.g. ""Right leg mild spasticity with heightened reflexes"" vs ""Mild spasticity of the right leg with heightened reflexes"") and therefore fail exact-string equality. Following the required matching process, each gold item was checked for at most one predicted counterpart that matched on every field; if any single field failed, the pair is treated as a mismatch. Summary counts below reflect these exact-match decisions.",4,9,6,0.400000,0.307692,0.347826
